article,banned,dont,matt,please,reverted,shirvington,vandalism
0.35355339059327373,0.35355339059327373,0.35355339059327373,0.35355339059327373,0.35355339059327373,0.35355339059327373,0.35355339059327373,0.35355339059327373
